year,geo_name,geo,income
2013,"Census Tract 83.43","14000US06073008343",52024.0
2014,"Census Tract 83.43","14000US06073008343",53333.0
2015,"Census Tract 83.43","14000US06073008343",51515.0
2013,"Census Tract 83.31","14000US06073008331",145000.0
2014,"Census Tract 83.31","14000US06073008331",155724.0
2015,"Census Tract 83.31","14000US06073008331",160417.0
2013,"Census Tract 83.36","14000US06073008336",126442.0
2014,"Census Tract 83.36","14000US06073008336",128906.0
2015,"Census Tract 83.36","14000US06073008336",129375.0
2013,"Census Tract 83.37","14000US06073008337",111343.0
2014,"Census Tract 83.37","14000US06073008337",111620.0
2015,"Census Tract 83.37","14000US06073008337",127721.0
2013,"Census Tract 83.52","14000US06073008352",85500.0
2014,"Census Tract 83.52","14000US06073008352",95083.0
2015,"Census Tract 83.52","14000US06073008352",89563.0
2013,"Census Tract 83.40","14000US06073008340",76554.0
2014,"Census Tract 83.40","14000US06073008340",82910.0
2015,"Census Tract 83.40","14000US06073008340",90099.0
2013,"Census Tract 83.41","14000US06073008341",68696.0
2014,"Census Tract 83.41","14000US06073008341",64808.0
2015,"Census Tract 83.41","14000US06073008341",70208.0
2013,"Census Tract 83.44","14000US06073008344",102212.0
2014,"Census Tract 83.44","14000US06073008344",108636.0
2015,"Census Tract 83.44","14000US06073008344",102386.0
2013,"Census Tract 83.45","14000US06073008345",69057.0
2014,"Census Tract 83.45","14000US06073008345",71250.0
2015,"Census Tract 83.45","14000US06073008345",73177.0
2013,"Census Tract 83.51","14000US06073008351",66522.0
2014,"Census Tract 83.51","14000US06073008351",67011.0
2015,"Census Tract 83.51","14000US06073008351",68611.0
2013,"Census Tract 83.48","14000US06073008348",89179.0
2014,"Census Tract 83.48","14000US06073008348",91330.0
2015,"Census Tract 83.48","14000US06073008348",98774.0
2013,"Census Tract 83.49","14000US06073008349",79032.0
2014,"Census Tract 83.49","14000US06073008349",88859.0
2015,"Census Tract 83.49","14000US06073008349",96467.0
2013,"Census Tract 83.53","14000US06073008353",82794.0
2014,"Census Tract 83.53","14000US06073008353",81715.0
2015,"Census Tract 83.53","14000US06073008353",79583.0
2013,"Census Tract 83.57","14000US06073008357",81098.0
2014,"Census Tract 83.57","14000US06073008357",80682.0
2015,"Census Tract 83.57","14000US06073008357",79719.0
2013,"Census Tract 83.55","14000US06073008355",99563.0
2014,"Census Tract 83.55","14000US06073008355",103333.0
2015,"Census Tract 83.55","14000US06073008355",98875.0
2013,"Census Tract 83.56","14000US06073008356",73482.0
2014,"Census Tract 83.56","14000US06073008356",84364.0
2015,"Census Tract 83.56","14000US06073008356",85583.0
2013,"Census Tract 83.58","14000US06073008358",75276.0
2014,"Census Tract 83.58","14000US06073008358",77881.0
2015,"Census Tract 83.58","14000US06073008358",77675.0
2013,"Census Tract 83.60","14000US06073008360",74068.0
2014,"Census Tract 83.60","14000US06073008360",77500.0
2015,"Census Tract 83.60","14000US06073008360",76250.0
2013,"Census Tract 85.02","14000US06073008502",63041.0
2014,"Census Tract 85.02","14000US06073008502",64933.0
2015,"Census Tract 85.02","14000US06073008502",60517.0
2013,"Census Tract 85.04","14000US06073008504",57904.0
2014,"Census Tract 85.04","14000US06073008504",58324.0
2015,"Census Tract 85.04","14000US06073008504",63848.0
2013,"Census Tract 85.05","14000US06073008505",71629.0
2014,"Census Tract 85.05","14000US06073008505",62378.0
2015,"Census Tract 85.05","14000US06073008505",61215.0
2013,"Census Tract 85.06","14000US06073008506",71376.0
2014,"Census Tract 85.06","14000US06073008506",77929.0
2015,"Census Tract 85.06","14000US06073008506",77905.0
2013,"Census Tract 85.07","14000US06073008507",62690.0
2014,"Census Tract 85.07","14000US06073008507",64875.0
2015,"Census Tract 85.07","14000US06073008507",65612.0
2013,"Census Tract 85.09","14000US06073008509",61972.0
2014,"Census Tract 85.09","14000US06073008509",61680.0
2015,"Census Tract 85.09","14000US06073008509",62643.0
2013,"Census Tract 85.10","14000US06073008510",44113.0
2014,"Census Tract 85.10","14000US06073008510",44281.0
2015,"Census Tract 85.10","14000US06073008510",46638.0
2013,"Census Tract 85.12","14000US06073008512",81981.0
2014,"Census Tract 85.12","14000US06073008512",83750.0
2015,"Census Tract 85.12","14000US06073008512",85379.0
2013,"Census Tract 173.04","14000US06073017304",73363.0
2014,"Census Tract 173.04","14000US06073017304",74212.0
2015,"Census Tract 173.04","14000US06073017304",80231.0
2013,"Census Tract 85.13","14000US06073008513",94063.0
2014,"Census Tract 85.13","14000US06073008513",96570.0
2015,"Census Tract 85.13","14000US06073008513",95430.0
2013,"Census Tract 86","14000US06073008600",46310.0
2014,"Census Tract 86","14000US06073008600",48062.0
2015,"Census Tract 86","14000US06073008600",45811.0
2013,"Census Tract 87.01","14000US06073008701",60438.0
2014,"Census Tract 87.01","14000US06073008701",59737.0
2015,"Census Tract 87.01","14000US06073008701",62760.0
2013,"Census Tract 87.02","14000US06073008702",66542.0
2014,"Census Tract 87.02","14000US06073008702",66593.0
2015,"Census Tract 87.02","14000US06073008702",66491.0
2013,"Census Tract 38","14000US06073003800",None
2014,"Census Tract 38","14000US06073003800",None
2015,"Census Tract 38","14000US06073003800",None
2013,"Census Tract 41","14000US06073004100",39769.0
2014,"Census Tract 41","14000US06073004100",40968.0
2015,"Census Tract 41","14000US06073004100",40132.0
2013,"Census Tract 88","14000US06073008800",38707.0
2014,"Census Tract 88","14000US06073008800",40719.0
2015,"Census Tract 88","14000US06073008800",38726.0
2013,"Census Tract 89.01","14000US06073008901",59750.0
2014,"Census Tract 89.01","14000US06073008901",60813.0
2015,"Census Tract 89.01","14000US06073008901",69783.0
2013,"Census Tract 90","14000US06073009000",56311.0
2014,"Census Tract 90","14000US06073009000",46061.0
2015,"Census Tract 90","14000US06073009000",42214.0
2013,"Census Tract 91.01","14000US06073009101",69856.0
2014,"Census Tract 91.01","14000US06073009101",83750.0
2015,"Census Tract 91.01","14000US06073009101",87796.0
2013,"Census Tract 9901","14000US06073990100",None
2014,"Census Tract 9901","14000US06073990100",None
2015,"Census Tract 9901","14000US06073990100",None
2013,"Census Tract 215","14000US06073021500",161393.0
2014,"Census Tract 215","14000US06073021500",172846.0
2015,"Census Tract 215","14000US06073021500",177589.0
2013,"Census Tract 171.10","14000US06073017110",89287.0
2014,"Census Tract 171.10","14000US06073017110",97866.0
2015,"Census Tract 171.10","14000US06073017110",124861.0
2013,"Census Tract 4","14000US06073000400",61716.0
2014,"Census Tract 4","14000US06073000400",68488.0
2015,"Census Tract 4","14000US06073000400",68099.0
2013,"Census Tract 214","14000US06073021400",63520.0
2014,"Census Tract 214","14000US06073021400",62727.0
2015,"Census Tract 214","14000US06073021400",59024.0
2013,"Census Tract 5","14000US06073000500",57024.0
2014,"Census Tract 5","14000US06073000500",54908.0
2015,"Census Tract 5","14000US06073000500",56750.0
2013,"Census Tract 3","14000US06073000300",58663.0
2014,"Census Tract 3","14000US06073000300",61679.0
2015,"Census Tract 3","14000US06073000300",72979.0
2013,"Census Tract 6","14000US06073000600",62950.0
2014,"Census Tract 6","14000US06073000600",55915.0
2015,"Census Tract 6","14000US06073000600",55925.0
2013,"Census Tract 99.01","14000US06073009901",None
2014,"Census Tract 99.01","14000US06073009901",None
2015,"Census Tract 99.01","14000US06073009901",None
2013,"Census Tract 59","14000US06073005900",48549.0
2014,"Census Tract 59","14000US06073005900",51922.0
2015,"Census Tract 59","14000US06073005900",58818.0
2013,"Census Tract 76","14000US06073007600",57703.0
2014,"Census Tract 76","14000US06073007600",57250.0
2015,"Census Tract 76","14000US06073007600",57083.0
2013,"Census Tract 62","14000US06073006200",None
2014,"Census Tract 62","14000US06073006200",None
2015,"Census Tract 62","14000US06073006200",None
2013,"Census Tract 83.03","14000US06073008303",134261.0
2014,"Census Tract 83.03","14000US06073008303",122375.0
2015,"Census Tract 83.03","14000US06073008303",131681.0
2013,"Census Tract 7","14000US06073000700",57485.0
2014,"Census Tract 7","14000US06073000700",68977.0
2015,"Census Tract 7","14000US06073000700",72177.0
2013,"Census Tract 8","14000US06073000800",41811.0
2014,"Census Tract 8","14000US06073000800",45169.0
2015,"Census Tract 8","14000US06073000800",51164.0
2013,"Census Tract 9","14000US06073000900",46214.0
2014,"Census Tract 9","14000US06073000900",46079.0
2015,"Census Tract 9","14000US06073000900",45377.0
2013,"Census Tract 10","14000US06073001000",54163.0
2014,"Census Tract 10","14000US06073001000",62619.0
2015,"Census Tract 10","14000US06073001000",65863.0
2013,"Census Tract 11","14000US06073001100",50256.0
2014,"Census Tract 11","14000US06073001100",48574.0
2015,"Census Tract 11","14000US06073001100",53167.0
2013,"Census Tract 13","14000US06073001300",41865.0
2014,"Census Tract 13","14000US06073001300",45607.0
2015,"Census Tract 13","14000US06073001300",46161.0
2013,"Census Tract 14","14000US06073001400",61146.0
2014,"Census Tract 14","14000US06073001400",69602.0
2015,"Census Tract 14","14000US06073001400",61164.0
2013,"Census Tract 12","14000US06073001200",42639.0
2014,"Census Tract 12","14000US06073001200",42668.0
2015,"Census Tract 12","14000US06073001200",42379.0
2013,"Census Tract 83.35","14000US06073008335",148478.0
2014,"Census Tract 83.35","14000US06073008335",149085.0
2015,"Census Tract 83.35","14000US06073008335",146944.0
2013,"Census Tract 89.02","14000US06073008902",59085.0
2014,"Census Tract 89.02","14000US06073008902",57500.0
2015,"Census Tract 89.02","14000US06073008902",57642.0
2013,"Census Tract 71","14000US06073007100",121295.0
2014,"Census Tract 71","14000US06073007100",132250.0
2015,"Census Tract 71","14000US06073007100",120523.0
2013,"Census Tract 68.02","14000US06073006802",60915.0
2014,"Census Tract 68.02","14000US06073006802",65403.0
2015,"Census Tract 68.02","14000US06073006802",67653.0
2013,"Census Tract 83.47","14000US06073008347",100264.0
2014,"Census Tract 83.47","14000US06073008347",101953.0
2015,"Census Tract 83.47","14000US06073008347",99300.0
2013,"Census Tract 50","14000US06073005000",24637.0
2014,"Census Tract 50","14000US06073005000",25144.0
2015,"Census Tract 50","14000US06073005000",24044.0
2013,"Census Tract 171.06","14000US06073017106",117083.0
2014,"Census Tract 171.06","14000US06073017106",99275.0
2015,"Census Tract 171.06","14000US06073017106",105083.0
2013,"Census Tract 83.13","14000US06073008313",138977.0
2014,"Census Tract 83.13","14000US06073008313",161458.0
2015,"Census Tract 83.13","14000US06073008313",171094.0
2013,"Census Tract 68.01","14000US06073006801",56307.0
2014,"Census Tract 68.01","14000US06073006801",51912.0
2015,"Census Tract 68.01","14000US06073006801",56464.0
2013,"Census Tract 170.29","14000US06073017029",136360.0
2014,"Census Tract 170.29","14000US06073017029",138250.0
2015,"Census Tract 170.29","14000US06073017029",147305.0
2013,"Census Tract 66","14000US06073006600",50208.0
2014,"Census Tract 66","14000US06073006600",51625.0
2015,"Census Tract 66","14000US06073006600",52340.0
2013,"Census Tract 83.10","14000US06073008310",137939.0
2014,"Census Tract 83.10","14000US06073008310",168145.0
2015,"Census Tract 83.10","14000US06073008310",150048.0
2013,"Census Tract 91.03","14000US06073009103",88041.0
2014,"Census Tract 91.03","14000US06073009103",84300.0
2015,"Census Tract 91.03","14000US06073009103",83563.0
2013,"Census Tract 83.28","14000US06073008328",165893.0
2014,"Census Tract 83.28","14000US06073008328",168281.0
2015,"Census Tract 83.28","14000US06073008328",186738.0
2013,"Census Tract 65","14000US06073006500",31495.0
2014,"Census Tract 65","14000US06073006500",31651.0
2015,"Census Tract 65","14000US06073006500",36686.0
2013,"Census Tract 83.05","14000US06073008305",44390.0
2014,"Census Tract 83.05","14000US06073008305",44131.0
2015,"Census Tract 83.05","14000US06073008305",41250.0
2013,"Census Tract 45.01","14000US06073004501",47625.0
2014,"Census Tract 45.01","14000US06073004501",49572.0
2015,"Census Tract 45.01","14000US06073004501",43712.0
2013,"Census Tract 83.33","14000US06073008333",138201.0
2014,"Census Tract 83.33","14000US06073008333",140960.0
2015,"Census Tract 83.33","14000US06073008333",138993.0
2013,"Census Tract 83.46","14000US06073008346",132281.0
2014,"Census Tract 83.46","14000US06073008346",132632.0
2015,"Census Tract 83.46","14000US06073008346",134421.0
2013,"Census Tract 94","14000US06073009400",51875.0
2014,"Census Tract 94","14000US06073009400",51981.0
2015,"Census Tract 94","14000US06073009400",53173.0
2013,"Census Tract 83.24","14000US06073008324",123304.0
2014,"Census Tract 83.24","14000US06073008324",136985.0
2015,"Census Tract 83.24","14000US06073008324",129904.0
2013,"Census Tract 83.12","14000US06073008312",123785.0
2014,"Census Tract 83.12","14000US06073008312",121319.0
2015,"Census Tract 83.12","14000US06073008312",119896.0
2013,"Census Tract 83.11","14000US06073008311",154881.0
2014,"Census Tract 83.11","14000US06073008311",160694.0
2015,"Census Tract 83.11","14000US06073008311",152250.0
2013,"Census Tract 46","14000US06073004600",44000.0
2014,"Census Tract 46","14000US06073004600",48750.0
2015,"Census Tract 46","14000US06073004600",50523.0
2013,"Census Tract 1","14000US06073000100",113000.0
2014,"Census Tract 1","14000US06073000100",106406.0
2015,"Census Tract 1","14000US06073000100",125370.0
2013,"Census Tract 170.30","14000US06073017030",133928.0
2014,"Census Tract 170.30","14000US06073017030",135755.0
2015,"Census Tract 170.30","14000US06073017030",130597.0
2013,"Census Tract 173.06","14000US06073017306",130114.0
2014,"Census Tract 173.06","14000US06073017306",126250.0
2015,"Census Tract 173.06","14000US06073017306",120167.0
2013,"Census Tract 83.50","14000US06073008350",99688.0
2014,"Census Tract 83.50","14000US06073008350",100950.0
2015,"Census Tract 83.50","14000US06073008350",98710.0
2013,"Census Tract 83.39","14000US06073008339",64276.0
2014,"Census Tract 83.39","14000US06073008339",62935.0
2015,"Census Tract 83.39","14000US06073008339",55326.0
2013,"Census Tract 48","14000US06073004800",37059.0
2014,"Census Tract 48","14000US06073004800",33456.0
2015,"Census Tract 48","14000US06073004800",33405.0
2013,"Census Tract 83.65","14000US06073008365",154000.0
2014,"Census Tract 83.65","14000US06073008365",155000.0
2015,"Census Tract 83.65","14000US06073008365",154250.0
2013,"Census Tract 79.03","14000US06073007903",56961.0
2014,"Census Tract 79.03","14000US06073007903",56794.0
2015,"Census Tract 79.03","14000US06073007903",55922.0
2013,"Census Tract 43","14000US06073004300",70367.0
2014,"Census Tract 43","14000US06073004300",86845.0
2015,"Census Tract 43","14000US06073004300",71356.0
2013,"Census Tract 49","14000US06073004900",25915.0
2014,"Census Tract 49","14000US06073004900",26132.0
2015,"Census Tract 49","14000US06073004900",27619.0
2013,"Census Tract 91.02","14000US06073009102",37464.0
2014,"Census Tract 91.02","14000US06073009102",39705.0
2015,"Census Tract 91.02","14000US06073009102",36927.0
2013,"Census Tract 91.04","14000US06073009104",85815.0
2014,"Census Tract 91.04","14000US06073009104",91848.0
2015,"Census Tract 91.04","14000US06073009104",91667.0
2013,"Census Tract 91.06","14000US06073009106",62670.0
2014,"Census Tract 91.06","14000US06073009106",57601.0
2015,"Census Tract 91.06","14000US06073009106",55000.0
2013,"Census Tract 91.07","14000US06073009107",54855.0
2014,"Census Tract 91.07","14000US06073009107",55816.0
2015,"Census Tract 91.07","14000US06073009107",61179.0
2013,"Census Tract 51","14000US06073005100",25221.0
2014,"Census Tract 51","14000US06073005100",24906.0
2015,"Census Tract 51","14000US06073005100",27793.0
2013,"Census Tract 53","14000US06073005300",37338.0
2014,"Census Tract 53","14000US06073005300",48750.0
2015,"Census Tract 53","14000US06073005300",51974.0
2013,"Census Tract 54","14000US06073005400",84592.0
2014,"Census Tract 54","14000US06073005400",83154.0
2015,"Census Tract 54","14000US06073005400",85836.0
2013,"Census Tract 55","14000US06073005500",None
2014,"Census Tract 55","14000US06073005500",None
2015,"Census Tract 55","14000US06073005500",None
2013,"Census Tract 57","14000US06073005700",38147.0
2014,"Census Tract 57","14000US06073005700",32258.0
2015,"Census Tract 57","14000US06073005700",40250.0
2013,"Census Tract 92.01","14000US06073009201",61378.0
2014,"Census Tract 92.01","14000US06073009201",66648.0
2015,"Census Tract 92.01","14000US06073009201",65111.0
2013,"Census Tract 63","14000US06073006300",None
2014,"Census Tract 63","14000US06073006300",None
2015,"Census Tract 63","14000US06073006300",None
2013,"Census Tract 60","14000US06073006000",61077.0
2014,"Census Tract 60","14000US06073006000",60000.0
2015,"Census Tract 60","14000US06073006000",68063.0
2013,"Census Tract 61","14000US06073006100",61402.0
2014,"Census Tract 61","14000US06073006100",62563.0
2015,"Census Tract 61","14000US06073006100",85724.0
2013,"Census Tract 58","14000US06073005800",68371.0
2014,"Census Tract 58","14000US06073005800",78071.0
2015,"Census Tract 58","14000US06073005800",77892.0
2013,"Census Tract 79.05","14000US06073007905",55551.0
2014,"Census Tract 79.05","14000US06073007905",58710.0
2015,"Census Tract 79.05","14000US06073007905",59732.0
2013,"Census Tract 69","14000US06073006900",91023.0
2014,"Census Tract 69","14000US06073006900",80900.0
2015,"Census Tract 69","14000US06073006900",81648.0
2013,"Census Tract 70.02","14000US06073007002",117955.0
2014,"Census Tract 70.02","14000US06073007002",120294.0
2015,"Census Tract 70.02","14000US06073007002",113657.0
2013,"Census Tract 72","14000US06073007200",98977.0
2014,"Census Tract 72","14000US06073007200",113603.0
2015,"Census Tract 72","14000US06073007200",107083.0
2013,"Census Tract 73.01","14000US06073007301",58689.0
2014,"Census Tract 73.01","14000US06073007301",65608.0
2015,"Census Tract 73.01","14000US06073007301",66075.0
2013,"Census Tract 73.02","14000US06073007302",79762.0
2014,"Census Tract 73.02","14000US06073007302",106000.0
2015,"Census Tract 73.02","14000US06073007302",100000.0
2013,"Census Tract 74","14000US06073007400",62484.0
2014,"Census Tract 74","14000US06073007400",66696.0
2015,"Census Tract 74","14000US06073007400",69043.0
2013,"Census Tract 75.01","14000US06073007501",42186.0
2014,"Census Tract 75.01","14000US06073007501",47855.0
2015,"Census Tract 75.01","14000US06073007501",53506.0
2013,"Census Tract 75.02","14000US06073007502",52865.0
2014,"Census Tract 75.02","14000US06073007502",62269.0
2015,"Census Tract 75.02","14000US06073007502",62069.0
2013,"Census Tract 80.02","14000US06073008002",103229.0
2014,"Census Tract 80.02","14000US06073008002",101019.0
2015,"Census Tract 80.02","14000US06073008002",94900.0
2013,"Census Tract 81.01","14000US06073008101",85313.0
2014,"Census Tract 81.01","14000US06073008101",83859.0
2015,"Census Tract 81.01","14000US06073008101",81250.0
2013,"Census Tract 81.02","14000US06073008102",126111.0
2014,"Census Tract 81.02","14000US06073008102",124479.0
2015,"Census Tract 81.02","14000US06073008102",123050.0
2013,"Census Tract 82","14000US06073008200",76125.0
2014,"Census Tract 82","14000US06073008200",69803.0
2015,"Census Tract 82","14000US06073008200",64464.0
2013,"Census Tract 83.01","14000US06073008301",81009.0
2014,"Census Tract 83.01","14000US06073008301",101500.0
2015,"Census Tract 83.01","14000US06073008301",105175.0
2013,"Census Tract 83.06","14000US06073008306",100556.0
2014,"Census Tract 83.06","14000US06073008306",106528.0
2015,"Census Tract 83.06","14000US06073008306",115536.0
2013,"Census Tract 106.01","14000US06073010601",109813.0
2014,"Census Tract 106.01","14000US06073010601",111464.0
2015,"Census Tract 106.01","14000US06073010601",111326.0
2013,"Census Tract 83.07","14000US06073008307",91616.0
2014,"Census Tract 83.07","14000US06073008307",89295.0
2015,"Census Tract 83.07","14000US06073008307",90581.0
2013,"Census Tract 83.27","14000US06073008327",128314.0
2014,"Census Tract 83.27","14000US06073008327",123488.0
2015,"Census Tract 83.27","14000US06073008327",124350.0
2013,"Census Tract 83.29","14000US06073008329",81955.0
2014,"Census Tract 83.29","14000US06073008329",82435.0
2015,"Census Tract 83.29","14000US06073008329",84782.0
2013,"Census Tract 83.30","14000US06073008330",111483.0
2014,"Census Tract 83.30","14000US06073008330",118750.0
2015,"Census Tract 83.30","14000US06073008330",121439.0
2013,"Census Tract 113","14000US06073011300",126518.0
2014,"Census Tract 113","14000US06073011300",129500.0
2015,"Census Tract 113","14000US06073011300",140250.0
2013,"Census Tract 85.11","14000US06073008511",76563.0
2014,"Census Tract 85.11","14000US06073008511",77260.0
2015,"Census Tract 85.11","14000US06073008511",75599.0
2013,"Census Tract 56","14000US06073005600",64901.0
2014,"Census Tract 56","14000US06073005600",56458.0
2015,"Census Tract 56","14000US06073005600",58804.0
2013,"Census Tract 78","14000US06073007800",51397.0
2014,"Census Tract 78","14000US06073007800",53908.0
2015,"Census Tract 78","14000US06073007800",58912.0
2013,"Census Tract 85.03","14000US06073008503",77500.0
2014,"Census Tract 85.03","14000US06073008503",73086.0
2015,"Census Tract 85.03","14000US06073008503",74489.0
2013,"Census Tract 99.02","14000US06073009902",None
2014,"Census Tract 99.02","14000US06073009902",None
2015,"Census Tract 99.02","14000US06073009902",None
2013,"Census Tract 93.04","14000US06073009304",66818.0
2014,"Census Tract 93.04","14000US06073009304",71569.0
2015,"Census Tract 93.04","14000US06073009304",72633.0
2013,"Census Tract 92.02","14000US06073009202",95877.0
2014,"Census Tract 92.02","14000US06073009202",80578.0
2015,"Census Tract 92.02","14000US06073009202",77639.0
2013,"Census Tract 85.01","14000US06073008501",78089.0
2014,"Census Tract 85.01","14000US06073008501",82556.0
2015,"Census Tract 85.01","14000US06073008501",83000.0
2013,"Census Tract 77.01","14000US06073007701",78680.0
2014,"Census Tract 77.01","14000US06073007701",79836.0
2015,"Census Tract 77.01","14000US06073007701",76369.0
2013,"Census Tract 101.09","14000US06073010109",62712.0
2014,"Census Tract 101.09","14000US06073010109",70000.0
2015,"Census Tract 101.09","14000US06073010109",73208.0
2013,"Census Tract 79.07","14000US06073007907",56648.0
2014,"Census Tract 79.07","14000US06073007907",59130.0
2015,"Census Tract 79.07","14000US06073007907",63269.0
2013,"Census Tract 216","14000US06073021600",61771.0
2014,"Census Tract 216","14000US06073021600",57100.0
2015,"Census Tract 216","14000US06073021600",61463.0
2013,"Census Tract 80.03","14000US06073008003",80388.0
2014,"Census Tract 80.03","14000US06073008003",94797.0
2015,"Census Tract 80.03","14000US06073008003",100417.0
2013,"Census Tract 80.06","14000US06073008006",85255.0
2014,"Census Tract 80.06","14000US06073008006",85990.0
2015,"Census Tract 80.06","14000US06073008006",87333.0
2013,"Census Tract 83.61","14000US06073008361",44397.0
2014,"Census Tract 83.61","14000US06073008361",50887.0
2015,"Census Tract 83.61","14000US06073008361",49050.0
2013,"Census Tract 83.62","14000US06073008362",71319.0
2014,"Census Tract 83.62","14000US06073008362",69250.0
2015,"Census Tract 83.62","14000US06073008362",69896.0
2013,"Census Tract 79.10","14000US06073007910",60872.0
2014,"Census Tract 79.10","14000US06073007910",62247.0
2015,"Census Tract 79.10","14000US06073007910",65089.0
2013,"Census Tract 2.01","14000US06073000201",99130.0
2014,"Census Tract 2.01","14000US06073000201",97976.0
2015,"Census Tract 2.01","14000US06073000201",100436.0
2013,"Census Tract 79.08","14000US06073007908",55650.0
2014,"Census Tract 79.08","14000US06073007908",65211.0
2015,"Census Tract 79.08","14000US06073007908",61181.0
2013,"Census Tract 83.63","14000US06073008363",54014.0
2014,"Census Tract 83.63","14000US06073008363",48256.0
2015,"Census Tract 83.63","14000US06073008363",62516.0
2013,"Census Tract 83.64","14000US06073008364",55337.0
2014,"Census Tract 83.64","14000US06073008364",63750.0
2015,"Census Tract 83.64","14000US06073008364",67906.0
2013,"Census Tract 83.66","14000US06073008366",143500.0
2014,"Census Tract 83.66","14000US06073008366",143431.0
2015,"Census Tract 83.66","14000US06073008366",144487.0
2013,"Census Tract 77.02","14000US06073007702",55981.0
2014,"Census Tract 77.02","14000US06073007702",54812.0
2015,"Census Tract 77.02","14000US06073007702",55945.0
2013,"Census Tract 170.56","14000US06073017056",95031.0
2014,"Census Tract 170.56","14000US06073017056",85556.0
2015,"Census Tract 170.56","14000US06073017056",95308.0
2013,"Census Tract 2.02","14000US06073000202",77872.0
2014,"Census Tract 2.02","14000US06073000202",75019.0
2015,"Census Tract 2.02","14000US06073000202",60929.0
2013,"Census Tract 170.34","14000US06073017034",89286.0
2014,"Census Tract 170.34","14000US06073017034",97106.0
2015,"Census Tract 170.34","14000US06073017034",101892.0
2013,"Census Tract 170.46","14000US06073017046",136007.0
2014,"Census Tract 170.46","14000US06073017046",127143.0
2015,"Census Tract 170.46","14000US06073017046",134625.0
2013,"Census Tract 95.06","14000US06073009506",102215.0
2014,"Census Tract 95.06","14000US06073009506",103655.0
2015,"Census Tract 95.06","14000US06073009506",101190.0
2013,"Census Tract 96.04","14000US06073009604",60774.0
2014,"Census Tract 96.04","14000US06073009604",66403.0
2015,"Census Tract 96.04","14000US06073009604",65943.0
2013,"Census Tract 96.02","14000US06073009602",63406.0
2014,"Census Tract 96.02","14000US06073009602",62977.0
2015,"Census Tract 96.02","14000US06073009602",65577.0
2013,"Census Tract 34.01","14000US06073003401",50335.0
2014,"Census Tract 34.01","14000US06073003401",53312.0
2015,"Census Tract 34.01","14000US06073003401",52674.0
2013,"Census Tract 28.03","14000US06073002803",49111.0
2014,"Census Tract 28.03","14000US06073002803",45532.0
2015,"Census Tract 28.03","14000US06073002803",43314.0
2013,"Census Tract 34.04","14000US06073003404",38705.0
2014,"Census Tract 34.04","14000US06073003404",38591.0
2015,"Census Tract 34.04","14000US06073003404",36113.0
2013,"Census Tract 27.08","14000US06073002708",23081.0
2014,"Census Tract 27.08","14000US06073002708",26396.0
2015,"Census Tract 27.08","14000US06073002708",25721.0
2013,"Census Tract 27.05","14000US06073002705",52371.0
2014,"Census Tract 27.05","14000US06073002705",48533.0
2015,"Census Tract 27.05","14000US06073002705",53333.0
2013,"Census Tract 101.04","14000US06073010104",58125.0
2014,"Census Tract 101.04","14000US06073010104",61307.0
2015,"Census Tract 101.04","14000US06073010104",57917.0
2013,"Census Tract 101.10","14000US06073010110",44688.0
2014,"Census Tract 101.10","14000US06073010110",44934.0
2015,"Census Tract 101.10","14000US06073010110",45212.0
2013,"Census Tract 132.05","14000US06073013205",30505.0
2014,"Census Tract 132.05","14000US06073013205",30525.0
2015,"Census Tract 132.05","14000US06073013205",31532.0
2013,"Census Tract 133.08","14000US06073013308",52900.0
2014,"Census Tract 133.08","14000US06073013308",53224.0
2015,"Census Tract 133.08","14000US06073013308",49189.0
2013,"Census Tract 32.09","14000US06073003209",50056.0
2014,"Census Tract 32.09","14000US06073003209",52807.0
2015,"Census Tract 32.09","14000US06073003209",53073.0
2013,"Census Tract 32.11","14000US06073003211",58684.0
2014,"Census Tract 32.11","14000US06073003211",66875.0
2015,"Census Tract 32.11","14000US06073003211",67250.0
2013,"Census Tract 32.12","14000US06073003212",78452.0
2014,"Census Tract 32.12","14000US06073003212",77029.0
2015,"Census Tract 32.12","14000US06073003212",77051.0
2013,"Census Tract 32.13","14000US06073003213",89753.0
2014,"Census Tract 32.13","14000US06073003213",89891.0
2015,"Census Tract 32.13","14000US06073003213",86991.0
2013,"Census Tract 32.14","14000US06073003214",70368.0
2014,"Census Tract 32.14","14000US06073003214",63681.0
2015,"Census Tract 32.14","14000US06073003214",64068.0
2013,"Census Tract 100.14","14000US06073010014",90971.0
2014,"Census Tract 100.14","14000US06073010014",92256.0
2015,"Census Tract 100.14","14000US06073010014",90132.0
2013,"Census Tract 100.15","14000US06073010015",73047.0
2014,"Census Tract 100.15","14000US06073010015",77356.0
2015,"Census Tract 100.15","14000US06073010015",78125.0
2013,"Census Tract 170.51","14000US06073017051",68712.0
2014,"Census Tract 170.51","14000US06073017051",72159.0
2015,"Census Tract 170.51","14000US06073017051",78167.0
2013,"Census Tract 31.03","14000US06073003103",57429.0
2014,"Census Tract 31.03","14000US06073003103",57587.0
2015,"Census Tract 31.03","14000US06073003103",55234.0
2013,"Census Tract 31.05","14000US06073003105",57586.0
2014,"Census Tract 31.05","14000US06073003105",59485.0
2015,"Census Tract 31.05","14000US06073003105",60156.0
2013,"Census Tract 29.02","14000US06073002902",42099.0
2014,"Census Tract 29.02","14000US06073002902",43625.0
2015,"Census Tract 29.02","14000US06073002902",55568.0
2013,"Census Tract 29.03","14000US06073002903",61979.0
2014,"Census Tract 29.03","14000US06073002903",59938.0
2015,"Census Tract 29.03","14000US06073002903",66797.0
2013,"Census Tract 170.45","14000US06073017045",147446.0
2014,"Census Tract 170.45","14000US06073017045",148077.0
2015,"Census Tract 170.45","14000US06073017045",160694.0
2013,"Census Tract 134.19","14000US06073013419",91614.0
2014,"Census Tract 134.19","14000US06073013419",93676.0
2015,"Census Tract 134.19","14000US06073013419",102790.0
2013,"Census Tract 208.01","14000US06073020801",107626.0
2014,"Census Tract 208.01","14000US06073020801",89814.0
2015,"Census Tract 208.01","14000US06073020801",89358.0
2013,"Census Tract 95.05","14000US06073009505",104739.0
2014,"Census Tract 95.05","14000US06073009505",113472.0
2015,"Census Tract 95.05","14000US06073009505",113426.0
2013,"Census Tract 32.08","14000US06073003208",53543.0
2014,"Census Tract 32.08","14000US06073003208",53036.0
2015,"Census Tract 32.08","14000US06073003208",47939.0
2013,"Census Tract 207.06","14000US06073020706",103784.0
2014,"Census Tract 207.06","14000US06073020706",106250.0
2015,"Census Tract 207.06","14000US06073020706",103971.0
2013,"Census Tract 141.02","14000US06073014102",62536.0
2014,"Census Tract 141.02","14000US06073014102",57414.0
2015,"Census Tract 141.02","14000US06073014102",57803.0
2013,"Census Tract 147","14000US06073014700",59667.0
2014,"Census Tract 147","14000US06073014700",69167.0
2015,"Census Tract 147","14000US06073014700",62283.0
2013,"Census Tract 27.02","14000US06073002702",47445.0
2014,"Census Tract 27.02","14000US06073002702",47402.0
2015,"Census Tract 27.02","14000US06073002702",53167.0
2013,"Census Tract 213.02","14000US06073021302",71929.0
2014,"Census Tract 213.02","14000US06073021302",78858.0
2015,"Census Tract 213.02","14000US06073021302",78828.0
2013,"Census Tract 95.04","14000US06073009504",185298.0
2014,"Census Tract 95.04","14000US06073009504",171111.0
2015,"Census Tract 95.04","14000US06073009504",168167.0
2013,"Census Tract 98.02","14000US06073009802",54375.0
2014,"Census Tract 98.02","14000US06073009802",61601.0
2015,"Census Tract 98.02","14000US06073009802",63952.0
2013,"Census Tract 30.03","14000US06073003003",60882.0
2014,"Census Tract 30.03","14000US06073003003",62212.0
2015,"Census Tract 30.03","14000US06073003003",60491.0
2013,"Census Tract 31.14","14000US06073003114",79367.0
2014,"Census Tract 31.14","14000US06073003114",81815.0
2015,"Census Tract 31.14","14000US06073003114",96319.0
2013,"Census Tract 31.15","14000US06073003115",48333.0
2014,"Census Tract 31.15","14000US06073003115",46919.0
2015,"Census Tract 31.15","14000US06073003115",47888.0
2013,"Census Tract 100.12","14000US06073010012",36891.0
2014,"Census Tract 100.12","14000US06073010012",40027.0
2015,"Census Tract 100.12","14000US06073010012",37205.0
2013,"Census Tract 119.02","14000US06073011902",53479.0
2014,"Census Tract 119.02","14000US06073011902",52567.0
2015,"Census Tract 119.02","14000US06073011902",57038.0
2013,"Census Tract 170.19","14000US06073017019",66355.0
2014,"Census Tract 170.19","14000US06073017019",66934.0
2015,"Census Tract 170.19","14000US06073017019",67526.0
2013,"Census Tract 170.42","14000US06073017042",120616.0
2014,"Census Tract 170.42","14000US06073017042",124474.0
2015,"Census Tract 170.42","14000US06073017042",123626.0
2013,"Census Tract 170.44","14000US06073017044",134410.0
2014,"Census Tract 170.44","14000US06073017044",119125.0
2015,"Census Tract 170.44","14000US06073017044",126055.0
2013,"Census Tract 98.04","14000US06073009804",70045.0
2014,"Census Tract 98.04","14000US06073009804",70709.0
2015,"Census Tract 98.04","14000US06073009804",84323.0
2013,"Census Tract 32.04","14000US06073003204",83529.0
2014,"Census Tract 32.04","14000US06073003204",85240.0
2015,"Census Tract 32.04","14000US06073003204",83611.0
2013,"Census Tract 97.06","14000US06073009706",97829.0
2014,"Census Tract 97.06","14000US06073009706",105690.0
2015,"Census Tract 97.06","14000US06073009706",105132.0
2013,"Census Tract 170.47","14000US06073017047",128973.0
2014,"Census Tract 170.47","14000US06073017047",131726.0
2015,"Census Tract 170.47","14000US06073017047",130676.0
2013,"Census Tract 170.15","14000US06073017015",92692.0
2014,"Census Tract 170.15","14000US06073017015",90822.0
2015,"Census Tract 170.15","14000US06073017015",85117.0
2013,"Census Tract 29.05","14000US06073002905",55560.0
2014,"Census Tract 29.05","14000US06073002905",48881.0
2015,"Census Tract 29.05","14000US06073002905",51618.0
2013,"Census Tract 97.04","14000US06073009704",90479.0
2014,"Census Tract 97.04","14000US06073009704",86371.0
2015,"Census Tract 97.04","14000US06073009704",88711.0
2013,"Census Tract 208.07","14000US06073020807",104375.0
2014,"Census Tract 208.07","14000US06073020807",106111.0
2015,"Census Tract 208.07","14000US06073020807",104167.0
2013,"Census Tract 100.03","14000US06073010003",63717.0
2014,"Census Tract 100.03","14000US06073010003",67647.0
2015,"Census Tract 100.03","14000US06073010003",74861.0
2013,"Census Tract 207.10","14000US06073020710",107132.0
2014,"Census Tract 207.10","14000US06073020710",108958.0
2015,"Census Tract 207.10","14000US06073020710",113015.0
2013,"Census Tract 28.01","14000US06073002801",25236.0
2014,"Census Tract 28.01","14000US06073002801",41438.0
2015,"Census Tract 28.01","14000US06073002801",37788.0
2013,"Census Tract 32.01","14000US06073003201",52297.0
2014,"Census Tract 32.01","14000US06073003201",51977.0
2015,"Census Tract 32.01","14000US06073003201",52434.0
2013,"Census Tract 32.02","14000US06073003202",50786.0
2014,"Census Tract 32.02","14000US06073003202",47076.0
2015,"Census Tract 32.02","14000US06073003202",49779.0
2013,"Census Tract 100.05","14000US06073010005",34614.0
2014,"Census Tract 100.05","14000US06073010005",28558.0
2015,"Census Tract 100.05","14000US06073010005",30070.0
2013,"Census Tract 207.09","14000US06073020709",74331.0
2014,"Census Tract 207.09","14000US06073020709",79754.0
2015,"Census Tract 207.09","14000US06073020709",81115.0
2013,"Census Tract 170.20","14000US06073017020",117219.0
2014,"Census Tract 170.20","14000US06073017020",117917.0
2015,"Census Tract 170.20","14000US06073017020",124821.0
2013,"Census Tract 31.07","14000US06073003107",55565.0
2014,"Census Tract 31.07","14000US06073003107",60409.0
2015,"Census Tract 31.07","14000US06073003107",58194.0
2013,"Census Tract 28.04","14000US06073002804",56806.0
2014,"Census Tract 28.04","14000US06073002804",61042.0
2015,"Census Tract 28.04","14000US06073002804",64191.0
2013,"Census Tract 30.01","14000US06073003001",43378.0
2014,"Census Tract 30.01","14000US06073003001",48594.0
2015,"Census Tract 30.01","14000US06073003001",60474.0
2013,"Census Tract 30.04","14000US06073003004",42723.0
2014,"Census Tract 30.04","14000US06073003004",44750.0
2015,"Census Tract 30.04","14000US06073003004",44844.0
2013,"Census Tract 170.06","14000US06073017006",109348.0
2014,"Census Tract 170.06","14000US06073017006",118333.0
2015,"Census Tract 170.06","14000US06073017006",105156.0
2013,"Census Tract 213.04","14000US06073021304",105858.0
2014,"Census Tract 213.04","14000US06073021304",111513.0
2015,"Census Tract 213.04","14000US06073021304",115972.0
2013,"Census Tract 170.39","14000US06073017039",108413.0
2014,"Census Tract 170.39","14000US06073017039",100332.0
2015,"Census Tract 170.39","14000US06073017039",99288.0
2013,"Census Tract 100.11","14000US06073010011",64167.0
2014,"Census Tract 100.11","14000US06073010011",62722.0
2015,"Census Tract 100.11","14000US06073010011",63974.0
2013,"Census Tract 100.04","14000US06073010004",53582.0
2014,"Census Tract 100.04","14000US06073010004",55988.0
2015,"Census Tract 100.04","14000US06073010004",56515.0
2013,"Census Tract 97.05","14000US06073009705",90795.0
2014,"Census Tract 97.05","14000US06073009705",97131.0
2015,"Census Tract 97.05","14000US06073009705",98455.0
2013,"Census Tract 98.01","14000US06073009801",59280.0
2014,"Census Tract 98.01","14000US06073009801",57634.0
2015,"Census Tract 98.01","14000US06073009801",60784.0
2013,"Census Tract 98.05","14000US06073009805",85807.0
2014,"Census Tract 98.05","14000US06073009805",81583.0
2015,"Census Tract 98.05","14000US06073009805",75662.0
2013,"Census Tract 100.01","14000US06073010001",72097.0
2014,"Census Tract 100.01","14000US06073010001",65795.0
2015,"Census Tract 100.01","14000US06073010001",61197.0
2013,"Census Tract 100.09","14000US06073010009",41677.0
2014,"Census Tract 100.09","14000US06073010009",42277.0
2015,"Census Tract 100.09","14000US06073010009",39775.0
2013,"Census Tract 100.10","14000US06073010010",42455.0
2014,"Census Tract 100.10","14000US06073010010",42721.0
2015,"Census Tract 100.10","14000US06073010010",44219.0
2013,"Census Tract 100.13","14000US06073010013",31521.0
2014,"Census Tract 100.13","14000US06073010013",30614.0
2015,"Census Tract 100.13","14000US06073010013",31488.0
2013,"Census Tract 101.06","14000US06073010106",35082.0
2014,"Census Tract 101.06","14000US06073010106",42546.0
2015,"Census Tract 101.06","14000US06073010106",41203.0
2013,"Census Tract 101.07","14000US06073010107",56094.0
2014,"Census Tract 101.07","14000US06073010107",59453.0
2015,"Census Tract 101.07","14000US06073010107",54242.0
2013,"Census Tract 101.11","14000US06073010111",40199.0
2014,"Census Tract 101.11","14000US06073010111",37458.0
2015,"Census Tract 101.11","14000US06073010111",41042.0
2013,"Census Tract 31.12","14000US06073003112",57577.0
2014,"Census Tract 31.12","14000US06073003112",56042.0
2015,"Census Tract 31.12","14000US06073003112",53531.0
2013,"Census Tract 166.06","14000US06073016606",75865.0
2014,"Census Tract 166.06","14000US06073016606",85250.0
2015,"Census Tract 166.06","14000US06073016606",84545.0
2013,"Census Tract 27.03","14000US06073002703",52440.0
2014,"Census Tract 27.03","14000US06073002703",52325.0
2015,"Census Tract 27.03","14000US06073002703",51704.0
2013,"Census Tract 31.09","14000US06073003109",85568.0
2014,"Census Tract 31.09","14000US06073003109",92719.0
2015,"Census Tract 31.09","14000US06073003109",85573.0
2013,"Census Tract 31.13","14000US06073003113",73004.0
2014,"Census Tract 31.13","14000US06073003113",76111.0
2015,"Census Tract 31.13","14000US06073003113",76823.0
2013,"Census Tract 27.11","14000US06073002711",46136.0
2014,"Census Tract 27.11","14000US06073002711",50039.0
2015,"Census Tract 27.11","14000US06073002711",51481.0
2013,"Census Tract 133.14","14000US06073013314",90250.0
2014,"Census Tract 133.14","14000US06073013314",96333.0
2015,"Census Tract 133.14","14000US06073013314",96019.0
2013,"Census Tract 133.13","14000US06073013313",100483.0
2014,"Census Tract 133.13","14000US06073013313",100270.0
2015,"Census Tract 133.13","14000US06073013313",101133.0
2013,"Census Tract 29.04","14000US06073002904",31092.0
2014,"Census Tract 29.04","14000US06073002904",31542.0
2015,"Census Tract 29.04","14000US06073002904",32961.0
2013,"Census Tract 27.12","14000US06073002712",41167.0
2014,"Census Tract 27.12","14000US06073002712",37349.0
2015,"Census Tract 27.12","14000US06073002712",47261.0
2013,"Census Tract 101.12","14000US06073010112",38831.0
2014,"Census Tract 101.12","14000US06073010112",35313.0
2015,"Census Tract 101.12","14000US06073010112",37857.0
2013,"Census Tract 101.03","14000US06073010103",41763.0
2014,"Census Tract 101.03","14000US06073010103",41113.0
2015,"Census Tract 101.03","14000US06073010103",42103.0
2013,"Census Tract 36.03","14000US06073003603",32266.0
2014,"Census Tract 36.03","14000US06073003603",34288.0
2015,"Census Tract 36.03","14000US06073003603",36336.0
2013,"Census Tract 36.02","14000US06073003602",29875.0
2014,"Census Tract 36.02","14000US06073003602",40882.0
2015,"Census Tract 36.02","14000US06073003602",45938.0
2013,"Census Tract 31.01","14000US06073003101",55640.0
2014,"Census Tract 31.01","14000US06073003101",56544.0
2015,"Census Tract 31.01","14000US06073003101",53125.0
2013,"Census Tract 34.03","14000US06073003403",43571.0
2014,"Census Tract 34.03","14000US06073003403",40550.0
2015,"Census Tract 34.03","14000US06073003403",36875.0
2013,"Census Tract 26.02","14000US06073002602",39846.0
2014,"Census Tract 26.02","14000US06073002602",41875.0
2015,"Census Tract 26.02","14000US06073002602",42649.0
2013,"Census Tract 27.10","14000US06073002710",40353.0
2014,"Census Tract 27.10","14000US06073002710",39740.0
2015,"Census Tract 27.10","14000US06073002710",36832.0
2013,"Census Tract 25.01","14000US06073002501",48886.0
2014,"Census Tract 25.01","14000US06073002501",45404.0
2015,"Census Tract 25.01","14000US06073002501",44938.0
2013,"Census Tract 23.01","14000US06073002301",30558.0
2014,"Census Tract 23.01","14000US06073002301",30045.0
2015,"Census Tract 23.01","14000US06073002301",28963.0
2013,"Census Tract 20.01","14000US06073002001",123542.0
2014,"Census Tract 20.01","14000US06073002001",122906.0
2015,"Census Tract 20.01","14000US06073002001",121518.0
2013,"Census Tract 97.03","14000US06073009703",69440.0
2014,"Census Tract 97.03","14000US06073009703",72297.0
2015,"Census Tract 97.03","14000US06073009703",79516.0
2013,"Census Tract 95.09","14000US06073009509",66200.0
2014,"Census Tract 95.09","14000US06073009509",75075.0
2015,"Census Tract 95.09","14000US06073009509",68229.0
2013,"Census Tract 170.22","14000US06073017022",101184.0
2014,"Census Tract 170.22","14000US06073017022",86250.0
2015,"Census Tract 170.22","14000US06073017022",80038.0
2013,"Census Tract 170.18","14000US06073017018",56604.0
2014,"Census Tract 170.18","14000US06073017018",56607.0
2015,"Census Tract 170.18","14000US06073017018",60833.0
2013,"Census Tract 170.35","14000US06073017035",38125.0
2014,"Census Tract 170.35","14000US06073017035",57143.0
2015,"Census Tract 170.35","14000US06073017035",84500.0
2013,"Census Tract 170.14","14000US06073017014",47847.0
2014,"Census Tract 170.14","14000US06073017014",44865.0
2015,"Census Tract 170.14","14000US06073017014",43175.0
2013,"Census Tract 170.31","14000US06073017031",82188.0
2014,"Census Tract 170.31","14000US06073017031",90743.0
2015,"Census Tract 170.31","14000US06073017031",93406.0
2013,"Census Tract 95.11","14000US06073009511",46429.0
2014,"Census Tract 95.11","14000US06073009511",54620.0
2015,"Census Tract 95.11","14000US06073009511",53200.0
2013,"Census Tract 105.02","14000US06073010502",42679.0
2014,"Census Tract 105.02","14000US06073010502",39725.0
2015,"Census Tract 105.02","14000US06073010502",40941.0
2013,"Census Tract 132.06","14000US06073013206",33570.0
2014,"Census Tract 132.06","14000US06073013206",35349.0
2015,"Census Tract 132.06","14000US06073013206",36007.0
2013,"Census Tract 36.01","14000US06073003601",26090.0
2014,"Census Tract 36.01","14000US06073003601",26518.0
2015,"Census Tract 36.01","14000US06073003601",28698.0
2013,"Census Tract 31.11","14000US06073003111",45025.0
2014,"Census Tract 31.11","14000US06073003111",43708.0
2015,"Census Tract 31.11","14000US06073003111",36750.0
2013,"Census Tract 35.02","14000US06073003502",29667.0
2014,"Census Tract 35.02","14000US06073003502",26250.0
2015,"Census Tract 35.02","14000US06073003502",26854.0
2013,"Census Tract 39.02","14000US06073003902",34970.0
2014,"Census Tract 39.02","14000US06073003902",31607.0
2015,"Census Tract 39.02","14000US06073003902",30536.0
2013,"Census Tract 39.01","14000US06073003901",24069.0
2014,"Census Tract 39.01","14000US06073003901",23812.0
2015,"Census Tract 39.01","14000US06073003901",23023.0
2013,"Census Tract 35.01","14000US06073003501",32138.0
2014,"Census Tract 35.01","14000US06073003501",35391.0
2015,"Census Tract 35.01","14000US06073003501",30804.0
2013,"Census Tract 40","14000US06073004000",25101.0
2014,"Census Tract 40","14000US06073004000",30053.0
2015,"Census Tract 40","14000US06073004000",32708.0
2013,"Census Tract 24.01","14000US06073002401",42118.0
2014,"Census Tract 24.01","14000US06073002401",43843.0
2015,"Census Tract 24.01","14000US06073002401",41284.0
2013,"Census Tract 15","14000US06073001500",51917.0
2014,"Census Tract 15","14000US06073001500",52234.0
2015,"Census Tract 15","14000US06073001500",56760.0
2013,"Census Tract 16","14000US06073001600",37479.0
2014,"Census Tract 16","14000US06073001600",35503.0
2015,"Census Tract 16","14000US06073001600",34151.0
2013,"Census Tract 17","14000US06073001700",46027.0
2014,"Census Tract 17","14000US06073001700",45297.0
2015,"Census Tract 17","14000US06073001700",45207.0
2013,"Census Tract 18","14000US06073001800",42086.0
2014,"Census Tract 18","14000US06073001800",42066.0
2015,"Census Tract 18","14000US06073001800",41807.0
2013,"Census Tract 19","14000US06073001900",74180.0
2014,"Census Tract 19","14000US06073001900",83423.0
2015,"Census Tract 19","14000US06073001900",85769.0
2013,"Census Tract 95.07","14000US06073009507",95565.0
2014,"Census Tract 95.07","14000US06073009507",92460.0
2015,"Census Tract 95.07","14000US06073009507",89012.0
2013,"Census Tract 95.02","14000US06073009502",72395.0
2014,"Census Tract 95.02","14000US06073009502",73808.0
2015,"Census Tract 95.02","14000US06073009502",77406.0
2013,"Census Tract 83.59","14000US06073008359",53269.0
2014,"Census Tract 83.59","14000US06073008359",54083.0
2015,"Census Tract 83.59","14000US06073008359",55550.0
2013,"Census Tract 83.54","14000US06073008354",96905.0
2014,"Census Tract 83.54","14000US06073008354",107500.0
2015,"Census Tract 83.54","14000US06073008354",103448.0
2013,"Census Tract 170.33","14000US06073017033",117344.0
2014,"Census Tract 170.33","14000US06073017033",119506.0
2015,"Census Tract 170.33","14000US06073017033",122885.0
2013,"Census Tract 170.32","14000US06073017032",113281.0
2014,"Census Tract 170.32","14000US06073017032",122593.0
2015,"Census Tract 170.32","14000US06073017032",123449.0
2013,"Census Tract 204.01","14000US06073020401",107083.0
2014,"Census Tract 204.01","14000US06073020401",117644.0
2015,"Census Tract 204.01","14000US06073020401",118125.0
2013,"Census Tract 93.05","14000US06073009305",81445.0
2014,"Census Tract 93.05","14000US06073009305",82147.0
2015,"Census Tract 93.05","14000US06073009305",80538.0
2013,"Census Tract 33.04","14000US06073003304",35409.0
2014,"Census Tract 33.04","14000US06073003304",34611.0
2015,"Census Tract 33.04","14000US06073003304",33750.0
2013,"Census Tract 170.52","14000US06073017052",85625.0
2014,"Census Tract 170.52","14000US06073017052",85158.0
2015,"Census Tract 170.52","14000US06073017052",90083.0
2013,"Census Tract 170.55","14000US06073017055",113301.0
2014,"Census Tract 170.55","14000US06073017055",116136.0
2015,"Census Tract 170.55","14000US06073017055",111944.0
2013,"Census Tract 118.02","14000US06073011802",34474.0
2014,"Census Tract 118.02","14000US06073011802",37869.0
2015,"Census Tract 118.02","14000US06073011802",35925.0
2013,"Census Tract 33.03","14000US06073003303",34671.0
2014,"Census Tract 33.03","14000US06073003303",34335.0
2015,"Census Tract 33.03","14000US06073003303",33995.0
2013,"Census Tract 33.01","14000US06073003301",25846.0
2014,"Census Tract 33.01","14000US06073003301",25729.0
2015,"Census Tract 33.01","14000US06073003301",26298.0
2013,"Census Tract 47","14000US06073004700",28859.0
2014,"Census Tract 47","14000US06073004700",26220.0
2015,"Census Tract 47","14000US06073004700",27768.0
2013,"Census Tract 52","14000US06073005200",32699.0
2014,"Census Tract 52","14000US06073005200",31627.0
2015,"Census Tract 52","14000US06073005200",33673.0
2013,"Census Tract 44","14000US06073004400",59133.0
2014,"Census Tract 44","14000US06073004400",60833.0
2015,"Census Tract 44","14000US06073004400",66193.0
2013,"Census Tract 27.09","14000US06073002709",30147.0
2014,"Census Tract 27.09","14000US06073002709",29722.0
2015,"Census Tract 27.09","14000US06073002709",27165.0
2013,"Census Tract 26.01","14000US06073002601",32939.0
2014,"Census Tract 26.01","14000US06073002601",31133.0
2015,"Census Tract 26.01","14000US06073002601",28891.0
2013,"Census Tract 24.02","14000US06073002402",33936.0
2014,"Census Tract 24.02","14000US06073002402",32842.0
2015,"Census Tract 24.02","14000US06073002402",30635.0
2013,"Census Tract 27.07","14000US06073002707",31732.0
2014,"Census Tract 27.07","14000US06073002707",31891.0
2015,"Census Tract 27.07","14000US06073002707",30915.0
2013,"Census Tract 23.02","14000US06073002302",19881.0
2014,"Census Tract 23.02","14000US06073002302",23072.0
2015,"Census Tract 23.02","14000US06073002302",22951.0
2013,"Census Tract 22.02","14000US06073002202",22473.0
2014,"Census Tract 22.02","14000US06073002202",23208.0
2015,"Census Tract 22.02","14000US06073002202",22713.0
2013,"Census Tract 22.01","14000US06073002201",32589.0
2014,"Census Tract 22.01","14000US06073002201",28702.0
2015,"Census Tract 22.01","14000US06073002201",29086.0
2013,"Census Tract 21","14000US06073002100",48214.0
2014,"Census Tract 21","14000US06073002100",46926.0
2015,"Census Tract 21","14000US06073002100",50465.0
2013,"Census Tract 20.02","14000US06073002002",78021.0
2014,"Census Tract 20.02","14000US06073002002",86950.0
2015,"Census Tract 20.02","14000US06073002002",99236.0
2013,"Census Tract 96.03","14000US06073009603",51669.0
2014,"Census Tract 96.03","14000US06073009603",51940.0
2015,"Census Tract 96.03","14000US06073009603",50022.0
2013,"Census Tract 93.01","14000US06073009301",63247.0
2014,"Census Tract 93.01","14000US06073009301",64645.0
2015,"Census Tract 93.01","14000US06073009301",64332.0
2013,"Census Tract 170.43","14000US06073017043",120682.0
2014,"Census Tract 170.43","14000US06073017043",117969.0
2015,"Census Tract 170.43","14000US06073017043",109167.0
2013,"Census Tract 170.37","14000US06073017037",99118.0
2014,"Census Tract 170.37","14000US06073017037",91288.0
2015,"Census Tract 170.37","14000US06073017037",91098.0
2013,"Census Tract 170.36","14000US06073017036",90278.0
2014,"Census Tract 170.36","14000US06073017036",88167.0
2015,"Census Tract 170.36","14000US06073017036",81667.0
2013,"Census Tract 93.06","14000US06073009306",85972.0
2014,"Census Tract 93.06","14000US06073009306",75903.0
2015,"Census Tract 93.06","14000US06073009306",71893.0
2013,"Census Tract 95.10","14000US06073009510",60135.0
2014,"Census Tract 95.10","14000US06073009510",54113.0
2015,"Census Tract 95.10","14000US06073009510",52813.0
2013,"Census Tract 42","14000US06073004200",87982.0
2014,"Census Tract 42","14000US06073004200",85353.0
2015,"Census Tract 42","14000US06073004200",83931.0
2013,"Census Tract 25.02","14000US06073002502",47099.0
2014,"Census Tract 25.02","14000US06073002502",49766.0
2015,"Census Tract 25.02","14000US06073002502",52382.0
2013,"Census Tract 33.05","14000US06073003305",21122.0
2014,"Census Tract 33.05","14000US06073003305",20769.0
2015,"Census Tract 33.05","14000US06073003305",21657.0
